{
	"NDimensions": 3,
	"DistName": "gaussian mixture distribution",
	"NComponents": 2,
	"PComponents": [0.7142656081,0.2857343919],
	"mu": [
		[190.7506566,91.75518246,102.69797],
		[107.3814168,130.7775788,93.44810484]
	],
	"Sigma": {
		"_ArrayType_": "double",
		"_ArraySize_": [3,3,2],
		"_ArrayData_": [2209.672803,-1122.659384,-334.9836267,-1122.659384,6682.459537,47.49540349,-334.9836267,47.49540349,62.25190643,1876.168031,-731.0278035,-208.3573655,-731.0278035,6863.922374,-122.1905594,-208.3573655,-122.1905594,42.18684697]
	},
	"NlogL": 198.800147,
	"AIC": 435.600294,
	"BIC": 447.7423833,
	"Converged": 1,
	"Iters": 8,
	"SharedCov": 0,
	"CovType": "full",
	"RegV": 0.001
}
